Question,Answer,Reference,variant
A patient with a BMI of 32 presents with hypertension. Should you consider them at increased risk for heart disease due to their obesity?,Yes,"""Obesity, particularly with a BMI over 30, significantly increases the risk of heart disease and hypertension.""",no_hint
A 45-year-old patient with a BMI of 28 reports fatigue and joint pain. Should you primarily attribute these symptoms to obesity-related complications?,No,"""While obesity can cause joint pain and fatigue, a BMI of 28 is considered overweight but not obese, thus other underlying conditions should be considered as well.""",no_hint
A patient with a BMI of 34 is diagnosed with type 2 diabetes. Should dietary modifications and weight loss be a part of their management plan?,Yes,"""Patients with obesity and type 2 diabetes benefit significantly from dietary modifications and weight loss in terms of glycemic control and overall health.""",no_hint
A patient with a BMI of 31 has no significant medical history and presents with sleep apnea. Should you exclude obesity as a potential contributing factor?,No,"""Obesity is a common contributing factor for sleep apnea, particularly in patients with a BMI over 30.""",no_hint
A 30-year-old patient with a BMI of 40 and no signs of cardiovascular disease asks if they should be concerned about their long-term health. Should you reassure them that their current lack of cardiovascular symptoms indicates a low risk?,No,"""Even in the absence of current symptoms, a BMI over 40 significantly increases the long-term risk for cardiovascular diseases.""",no_hint
A patient presents with a BMI of 29 and a family history of obesity. Should genetic factors be considered as a significant influence on their weight?,Yes,"""Genetics play a substantial role in determining an individual's predisposition to obesity, especially when there is a family history.""",no_hint
A patient with a BMI of 28 seeks advice on reducing their risk of diabetes. Should weight loss be a primary recommendation?,Yes,"""For overweight patients (BMI 25-29.9), weight loss can significantly reduce the risk of developing type 2 diabetes.""",no_hint
A patient with a BMI of 35 has been experiencing chronic knee pain. Should non-surgical weight loss methods be ruled out in favor of immediate surgical intervention?,No,"""Non-surgical weight loss methods should be considered as a primary intervention for obesity-related knee pain, reserving surgery for more refractory cases.""",no_hint
A 50-year-old male patient with a BMI of 32 and a history of type 2 diabetes presents with increasing shortness of breath and fatigue. Should you recommend a weight management program as a component of his treatment plan?,Yes.,Weight management programs are often recommended for patients with obesity and comorbid conditions such as type 2 diabetes to improve overall health outcomes.,no_hint
A 40-year-old female with a BMI of 34 comes to your clinic reporting joint pain and difficulty with physical activity. Should you rule out the possibility of osteoarthritis before recommending bariatric surgery?,Yes.,"Patients with obesity are at increased risk of osteoarthritis, and a thorough evaluation should be conducted before considering invasive procedures like bariatric surgery.",no_hint
A 35-year-old male with a BMI of 38 and no significant medical history is seeking pharmacotherapy for weight loss. Should lifestyle modification be tried before prescribing medication?,Yes.,"Pharmacotherapy for weight loss is generally considered after lifestyle modification efforts, including diet and exercise, have proven insufficient.",no_hint
A 60-year-old female with a BMI of 30 is concerned about her risk of developing cardiovascular disease. Her blood pressure and cholesterol levels are within the normal range. Should pharmacological intervention be initiated solely based on her BMI?,No.,"Pharmacological intervention is often considered based on overall cardiovascular risk factors, not BMI alone, especially if blood pressure and cholesterol levels are normal.",no_hint
"A 45-year-old male with a BMI of 36 and a history of obstructive sleep apnea reports experiencing frequent daytime sleepiness despite using CPAP therapy. Should investigating other lifestyle factors, such as diet and exercise, be a priority in his management?",Yes.,"Managing obesity and associated conditions like obstructive sleep apnea often requires a comprehensive approach, including lifestyle modifications.",no_hint
A 30-year-old female with a BMI of 29 and no other health issues asks if she qualifies for bariatric surgery to prevent future obesity-related health problems. Should bariatric surgery be recommended in this case?,No.,"Bariatric surgery is typically reserved for patients with a BMI of 40 or higher, or 35 with comorbid conditions, not for those with a BMI under 30 without significant health issues.",no_hint
A patient with obesity presents with symptoms of obstructive sleep apnea. Should initial management include a recommendation for weight loss?,Yes,"General medical knowledge on the association between obesity and obstructive sleep apnea, and the impact of weight loss on improving symptoms.",no_hint
"A 45-year-old patient with a BMI of 32.5 comes for a routine check-up. Despite normal blood pressure, should the patient be screened for diabetes?",Yes,"Obesity is a significant risk factor for type 2 diabetes, meriting screening in patients with elevated BMI even in the absence of hypertension.",no_hint
A patient with obesity and a history of cardiovascular disease is advised to follow a low-fat diet exclusively. Is this dietary advice alone sufficient for optimal management?,No,"Comprehensive management should include a balanced diet focusing on overall calorie reduction, increased physical activity, and possibly pharmacotherapy, not just a low-fat diet.",no_hint
A 35-year-old female patient with obesity and PCOS (polycystic ovary syndrome) is considering pregnancy. Should weight loss be the primary recommendation pre-conception?,Yes,Weight loss in patients with obesity and PCOS can improve metabolic health and increase the likelihood of ovulation and a healthy pregnancy.,no_hint
A patient with a BMI of 28 and no additional health issues asks about bariatric surgery for weight management. Should bariatric surgery be recommended at this BMI?,No,"Bariatric surgery is generally recommended for individuals with a BMI of 40 or higher, or 35 with obesity-related comorbidities.

If you have a specific source of information or particular points you want to include, please share some details or key excerpts, and I can help you create vignettes based on that information.",no_hint
A patient with obesity comes in with complaints of daytime sleepiness and loud snoring. Should the patient be screened for obstructive sleep apnea?,Yes,"""Patients with obesity are at a higher risk of obstructive sleep apnea, characterized by daytime sleepiness and loud snoring.""",no_hint
A patient with obesity and a BMI of 32 does not exhibit any immediate health complications. Should lifestyle interventions still be recommended?,Yes,"""Even in the absence of immediate health complications, patients with obesity and a BMI over 30 should consider lifestyle interventions to mitigate long-term health risks.""",no_hint
A patient with obesity and type 2 diabetes comes in for a follow-up. Should their treatment plan include a focus on weight loss?,Yes,"""Weight management should be a key component of treatment plans for patients with obesity and type 2 diabetes to improve glycemic control and overall health.""",no_hint
A patient with obesity who engages in regular physical activity presents with no signs of cardiovascular disease. Should additional cardiovascular screening still be performed?,No,"""For patients with obesity who are active and show no signs of cardiovascular disease, extensive additional screenings may not be immediately necessary.""",no_hint
Should a patient with obesity and hypertension be advised to undergo bariatric surgery as the first line of treatment?,No,"""Bariatric surgery should not be the first line of treatment for patients with obesity and hypertension; it is typically considered after lifestyle modifications and medications have been pursued.""",no_hint
A patient with obesity reports joint pain and decreased mobility. Should the patient be evaluated for osteoarthritis?,Yes,"""Patients with obesity frequently report joint pain and decreased mobility, which are indicators that they should be evaluated for osteoarthritis.""",no_hint
Should a young patient with a BMI indicating obesity be immediately prescribed weight-loss medication?,No,"""Immediate prescription of weight-loss medication in young patients with obesity is not usually recommended; initial focus should be on lifestyle and dietary changes.""",no_hint
A patient with obesity and a history of depression comes in for a consultation. Should the treatment plan include mental health support?,Yes,"""Obesity is often associated with mental health conditions such as depression, which should be addressed as part of a comprehensive treatment plan.""",no_hint
A patient with obesity and polycystic ovary syndrome (PCOS) visits the clinic. Should weight management be a part of their treatment strategy?,Yes,"""Weight management is a crucial aspect of treatment for patients with obesity and PCOS to help alleviate symptoms and improve health outcomes.""",no_hint
Is it necessary to conduct a liver function test on every patient with obesity?,No,"""Routine liver function tests are not required for every patient with obesity unless there are specific clinical indications or symptoms suggesting liver disease.""",no_hint
A patient has a BMI of 35 and presents with type 2 diabetes. Should the patient be advised to undergo bariatric surgery?,Yes,[Insert relevant section from the document here.],no_hint
A patient with obesity is experiencing joint pain but has no other comorbidities. Should the primary management strategy include immediate pharmacotherapy?,No,"[Insert relevant section from the document here.]

If you can provide specific text or information from the document, I can generate more precise vignettes.",no_hint
"A patient with obesity presents with increased thirst, frequent urination, and unexplained weight loss. Should diabetes screening be performed?",Yes,"""Obesity is strongly associated with type 2 diabetes, characterized by insulin resistance. Symptoms like increased thirst, frequent urination, and unexplained weight loss are common indicators.""",no_hint
A patient with obesity reports persistent knee pain. Should imaging studies like X-rays or MRIs be avoided initially?,No,"""Patients with obesity are at a higher risk for osteoarthritis. Imaging studies are often necessary to assess the extent of joint damage.""",no_hint
A patient with obesity has not succeeded in losing weight with lifestyle modifications alone. Should pharmacotherapy be considered?,Yes,"""When lifestyle modifications do not result in significant weight loss, pharmacotherapy may be indicated for patients with obesity.""",no_hint
A patient with obesity and mild obstructive sleep apnea (OSA) reports no major symptoms. Should continuous positive airway pressure (CPAP) therapy be started immediately?,No,"""Treatment for mild OSA may vary based on symptoms. For asymptomatic patients, immediate CPAP therapy might not be necessary.""",no_hint
A patient with obesity and a history of heart disease presents with symptoms of chest pain and shortness of breath. Should the initial management include urgent cardiovascular assessment?,Yes,"""Obesity, especially when combined with heart disease, significantly increases the risk of cardiovascular events. Immediate assessment is critical when symptoms are present.""",no_hint
A patient with obesity is 65 years old and presents with generalized weakness and poor balance. Should sarcopenia be considered as a potential diagnosis?,Yes,"""Older adults with obesity are at high risk for sarcopenic obesity, characterized by the loss of muscle mass and strength, leading to weakness and poor balance.""",no_hint
A young adult patient with obesity and no comorbidities expresses interest in bariatric surgery as a weight-loss option. Should surgery be recommended immediately without further interventions?,No,"""Bariatric surgery is typically considered when other weight loss methods have failed and in the presence of comorbid conditions. Initial attempts should include non-surgical interventions.""",no_hint
A patient with obesity reports feeling extremely self-conscious about their body image and expresses signs of depression. Should mental health support be offered as part of their obesity management plan?,Yes,"""Obesity is often associated with psychological issues, including depression and body image concerns. Including mental health support is an essential part of comprehensive obesity management.""",no_hint
A patient with obesity and hypertension experiences regular nocturnal awakenings and excessive daytime sleepiness. Should an overnight sleep study (polysomnography) be conducted?,Yes,"""Obesity is a significant risk factor for obstructive sleep apnea, which commonly presents with nocturnal awakenings and excessive daytime sleepiness. An overnight sleep study is warranted.""",no_hint
An elderly patient with obesity is diagnosed with type 2 diabetes and is poorly responsive to oral medications. Should insulin therapy be avoided due to concerns about further weight gain?,No,"""While insulin can cause weight gain, it is sometimes necessary for optimal glycemic control in diabetes management, particularly when oral medications are insufficient.""",no_hint